{"cameraMode":{"drawMode":0,"name":"Shaded","section":"Shading Mode"},"sceneLighting":false,"audioPlay":false,"sceneViewState":{"m_AlwaysRefresh":false,"showFog":true,"showSkybox":false,"showFlares":true,"showImageEffects":true,"showParticleSystems":true,"showVisualEffectGraphs":true,"m_FxEnabled":true},"in2DMode":false,"pivot":{"x":0.43051105737686159,"y":-0.2318938970565796,"z":-0.084930419921875},"rotation":{"x":-0.09484142065048218,"y":0.8975291848182678,"z":-0.35984838008880618,"w":-0.23655223846435548},"size":1.022876262664795,"orthographic":false}